Date,Product ID,Units Sold,Price,Revenue,Store ID
01-01-2022,P0001,127,33.5,4254.5,S001
01-01-2022,P0002,150,63.01,9451.5,S001
01-01-2022,P0003,65,27.99,1819.35,S001
01-01-2022,P0004,61,32.72,1995.92,S001
01-01-2022,P0005,14,73.64,1030.96,S001
01-01-2022,P0006,128,76.83,9834.24,S001
01-01-2022,P0007,97,34.16,3313.52,S001
01-01-2022,P0008,312,97.99,30572.88,S001
01-01-2022,P0009,175,20.74,3629.5,S001
01-01-2022,P0010,28,59.99,1679.72,S001
01-01-2022,P0011,150,58.53,8779.5,S001
01-01-2022,P0012,24,58.25,1398,S001
01-01-2022,P0013,42,43.6,1831.2,S001
01-01-2022,P0014,12,78.11,937.32,S001
01-01-2022,P0015,369,92.99,34313.31,S001
01-01-2022,P0016,255,21.9,5584.5,S001
01-01-2022,P0017,246,21.07,5183.22,S001
01-01-2022,P0018,151,19.57,2955.07,S001
01-01-2022,P0019,257,73.28,18832.96,S001
01-01-2022,P0020,99,30.24,2993.76,S001
01-01-2022,P0001,104,32.8,3411.2,S002
01-01-2022,P0002,141,46.16,6508.56,S002
01-01-2022,P0003,182,20.46,3723.72,S002
01-01-2022,P0004,63,26.19,1649.97,S002
01-01-2022,P0005,156,83.29,12993.24,S002
01-01-2022,P0006,250,85.59,21397.5,S002
01-01-2022,P0007,393,91.13,35814.09,S002
01-01-2022,P0008,29,66.96,1941.84,S002
01-01-2022,P0009,9,81.29,731.61,S002
01-01-2022,P0010,126,60.84,7665.84,S002
01-01-2022,P0011,13,34.62,450.06,S002
01-01-2022,P0012,25,19.56,489,S002
01-01-2022,P0013,283,57.78,16351.74,S002
01-01-2022,P0014,359,91.28,32769.52,S002
01-01-2022,P0015,129,59.9,7727.1,S002
01-01-2022,P0016,63,45.65,2875.95,S002
01-01-2022,P0017,373,11.71,4367.83,S002
01-01-2022,P0018,160,58.84,9414.4,S002
01-01-2022,P0019,15,84.99,1274.85,S002
01-01-2022,P0020,101,87.1,8797.1,S002
01-01-2022,P0001,147,67.21,9879.87,S003
01-01-2022,P0002,4,28.2,112.8,S003
01-01-2022,P0003,77,56.16,4324.32,S003
01-01-2022,P0004,31,89.53,2775.43,S003
01-01-2022,P0005,325,97.95,31833.75,S003
01-01-2022,P0006,163,76.37,12448.31,S003
01-01-2022,P0007,34,86.99,2957.66,S003
01-01-2022,P0008,47,66.53,3126.91,S003
01-01-2022,P0009,15,74.86,1122.9,S003
01-01-2022,P0010,126,97.09,12233.34,S003
01-01-2022,P0011,232,56.19,13036.08,S003
01-01-2022,P0012,175,90.38,15816.5,S003
01-01-2022,P0013,17,73.98,1257.66,S003
01-01-2022,P0014,369,79.03,29162.07,S003
01-01-2022,P0015,260,27.72,7207.2,S003
01-01-2022,P0016,347,98.18,34068.46,S003
01-01-2022,P0017,150,27.1,4065,S003
01-01-2022,P0018,70,97.08,6795.6,S003
01-01-2022,P0019,249,26.71,6650.79,S003
01-01-2022,P0020,370,95.85,35464.5,S003
01-01-2022,P0001,271,15.62,4233.02,S004
01-01-2022,P0002,180,41.13,7403.4,S004
01-01-2022,P0003,344,89.32,30726.08,S004
01-01-2022,P0004,0,87.23,0,S004
01-01-2022,P0005,200,81.72,16344,S004
01-01-2022,P0006,382,41.35,15795.7,S004
01-01-2022,P0007,190,67.26,12779.4,S004
01-01-2022,P0008,51,85.88,4379.88,S004
01-01-2022,P0009,40,59.23,2369.2,S004
01-01-2022,P0010,104,33.48,3481.92,S004
01-01-2022,P0011,46,54.84,2522.64,S004
01-01-2022,P0012,9,14.25,128.25,S004
01-01-2022,P0013,56,61.81,3461.36,S004
01-01-2022,P0014,63,66.94,4217.22,S004
01-01-2022,P0015,181,60.54,10957.74,S004
01-01-2022,P0016,94,94.26,8860.44,S004
01-01-2022,P0017,46,25.55,1175.3,S004
01-01-2022,P0018,8,16.73,133.84,S004
01-01-2022,P0019,172,71.2,12246.4,S004
01-01-2022,P0020,68,11.5,782,S004
01-01-2022,P0001,77,70.33,5415.41,S005
01-01-2022,P0002,298,57.15,17030.7,S005
01-01-2022,P0003,64,36.17,2314.88,S005
01-01-2022,P0004,300,50.77,15231,S005
01-01-2022,P0005,21,92.86,1950.06,S005
01-01-2022,P0006,176,60.76,10693.76,S005
01-01-2022,P0007,131,46.47,6087.57,S005
01-01-2022,P0008,317,34.08,10803.36,S005
01-01-2022,P0009,97,87.81,8517.57,S005
01-01-2022,P0010,8,37.04,296.32,S005
01-01-2022,P0011,104,54.12,5628.48,S005
01-01-2022,P0012,87,67.64,5884.68,S005
01-01-2022,P0013,238,82.18,19558.84,S005
01-01-2022,P0014,171,42.62,7288.02,S005
01-01-2022,P0015,250,11.54,2885,S005
01-01-2022,P0016,11,16.3,179.3,S005
01-01-2022,P0017,371,98.31,36473.01,S005
01-01-2022,P0018,107,48.96,5238.72,S005
01-01-2022,P0019,106,88.22,9351.32,S005
01-01-2022,P0020,101,11.04,1115.04,S005
02-01-2022,P0001,81,27.95,2263.95,S001
02-01-2022,P0002,163,19.78,3224.14,S001
02-01-2022,P0003,464,70.99,32939.36,S001
02-01-2022,P0004,116,49.56,5748.96,S001
02-01-2022,P0005,200,23.76,4752,S001
02-01-2022,P0006,58,47.56,2758.48,S001
02-01-2022,P0007,56,17.1,957.6,S001
02-01-2022,P0008,74,58.89,4357.86,S001
02-01-2022,P0009,54,99.76,5387.04,S001
02-01-2022,P0010,39,11.44,446.16,S001
02-01-2022,P0011,12,53.84,646.08,S001
02-01-2022,P0012,56,57.84,3239.04,S001
02-01-2022,P0013,31,35.51,1100.81,S001
02-01-2022,P0014,25,31.41,785.25,S001
02-01-2022,P0015,198,28.06,5555.88,S001
02-01-2022,P0016,77,35.67,2746.59,S001
02-01-2022,P0017,165,28.18,4649.7,S001
02-01-2022,P0018,42,74.42,3125.64,S001
02-01-2022,P0019,8,91.95,735.6,S001
02-01-2022,P0020,174,97.88,17031.12,S001
02-01-2022,P0001,343,66.57,22833.51,S002
02-01-2022,P0002,71,90.36,6415.56,S002
02-01-2022,P0003,157,92.24,14481.68,S002
02-01-2022,P0004,88,68.71,6046.48,S002
02-01-2022,P0005,64,87.22,5582.08,S002
02-01-2022,P0006,273,79.38,21670.74,S002
02-01-2022,P0007,247,17.41,4300.27,S002
02-01-2022,P0008,42,14.8,621.6,S002
02-01-2022,P0009,197,30.5,6008.5,S002
02-01-2022,P0010,374,27.84,10412.16,S002
02-01-2022,P0011,154,88.62,13647.48,S002
02-01-2022,P0012,236,82.35,19434.6,S002
02-01-2022,P0013,278,92.57,25734.46,S002
02-01-2022,P0014,27,94.38,2548.26,S002
02-01-2022,P0015,106,70.59,7482.54,S002
02-01-2022,P0016,154,63.13,9722.02,S002
02-01-2022,P0017,176,46.04,8103.04,S002
02-01-2022,P0018,124,21.07,2612.68,S002
02-01-2022,P0019,479,79.11,37893.69,S002
02-01-2022,P0020,78,64.99,5069.22,S002
02-01-2022,P0001,114,73.48,8376.72,S003
02-01-2022,P0002,2,87.5,175,S003
02-01-2022,P0003,7,88.68,620.76,S003
02-01-2022,P0004,54,82.36,4447.44,S003
02-01-2022,P0005,282,38.56,10873.92,S003
02-01-2022,P0006,93,97.74,9089.82,S003
02-01-2022,P0007,85,37.68,3202.8,S003
02-01-2022,P0008,136,36.03,4900.08,S003
02-01-2022,P0009,140,88.97,12455.8,S003
02-01-2022,P0010,79,16.48,1301.92,S003
02-01-2022,P0011,106,58.37,6187.22,S003
02-01-2022,P0012,1,27.86,27.86,S003
02-01-2022,P0013,203,39.14,7945.42,S003
02-01-2022,P0014,368,66.51,24475.68,S003
02-01-2022,P0015,286,89.65,25639.9,S003
02-01-2022,P0016,69,86.7,5982.3,S003
02-01-2022,P0017,52,29.69,1543.88,S003
02-01-2022,P0018,109,86.93,9475.37,S003
02-01-2022,P0019,50,59.33,2966.5,S003
02-01-2022,P0020,0,57.07,0,S003
02-01-2022,P0001,22,74.16,1631.52,S004
02-01-2022,P0002,45,59.38,2672.1,S004
02-01-2022,P0003,89,48.18,4288.02,S004
02-01-2022,P0004,209,94.75,19802.75,S004
02-01-2022,P0005,4,60.89,243.56,S004
02-01-2022,P0006,47,14.71,691.37,S004
02-01-2022,P0007,115,33.09,3805.35,S004
02-01-2022,P0008,27,98.75,2666.25,S004
02-01-2022,P0009,90,12.4,1116,S004
02-01-2022,P0010,206,92.01,18954.06,S004
02-01-2022,P0011,328,92.12,30215.36,S004
02-01-2022,P0012,155,37.39,5795.45,S004
02-01-2022,P0013,184,85.35,15704.4,S004
02-01-2022,P0014,16,82.64,1322.24,S004
02-01-2022,P0015,90,92.19,8297.1,S004
02-01-2022,P0016,178,61.41,10930.98,S004
02-01-2022,P0017,256,96.47,24696.32,S004
02-01-2022,P0018,27,89.33,2411.91,S004
02-01-2022,P0019,67,59.49,3985.83,S004
02-01-2022,P0020,84,73.05,6136.2,S004
02-01-2022,P0001,67,67.49,4521.83,S005
02-01-2022,P0002,15,66.05,990.75,S005
02-01-2022,P0003,333,80.88,26933.04,S005
02-01-2022,P0004,56,60.5,3388,S005
02-01-2022,P0005,165,71.72,11833.8,S005
02-01-2022,P0006,54,69.21,3737.34,S005
02-01-2022,P0007,93,70.69,6574.17,S005
02-01-2022,P0008,250,63.54,15885,S005
02-01-2022,P0009,90,78.08,7027.2,S005
02-01-2022,P0010,83,43.09,3576.47,S005
02-01-2022,P0011,16,25.67,410.72,S005
02-01-2022,P0012,87,38.59,3357.33,S005
02-01-2022,P0013,241,57.99,13975.59,S005
02-01-2022,P0014,286,14.65,4189.9,S005
02-01-2022,P0015,60,63.26,3795.6,S005
02-01-2022,P0016,437,43.64,19070.68,S005
02-01-2022,P0017,377,84.85,31988.45,S005
02-01-2022,P0018,83,47.05,3905.15,S005
02-01-2022,P0019,203,76.83,15596.49,S005
02-01-2022,P0020,183,93.95,17192.85,S005
03-01-2022,P0001,5,62.7,313.5,S001
03-01-2022,P0002,199,54.02,10749.98,S001
03-01-2022,P0003,176,26.03,4581.28,S001
03-01-2022,P0004,214,10.19,2180.66,S001
03-01-2022,P0005,165,95.54,15764.1,S001
03-01-2022,P0006,9,57.65,518.85,S001
03-01-2022,P0007,140,87.85,12299,S001
03-01-2022,P0008,177,53.94,9547.38,S001
03-01-2022,P0009,217,61.42,13328.14,S001
03-01-2022,P0010,47,99.14,4659.58,S001
03-01-2022,P0011,3,60.52,181.56,S001
03-01-2022,P0012,2,86.93,173.86,S001
03-01-2022,P0013,18,83.11,1495.98,S001
03-01-2022,P0014,242,32.28,7811.76,S001
03-01-2022,P0015,228,52.17,11894.76,S001
03-01-2022,P0016,31,93.61,2901.91,S001
03-01-2022,P0017,16,98.25,1572,S001
03-01-2022,P0018,20,78.53,1570.6,S001
03-01-2022,P0019,193,56.91,10983.63,S001
03-01-2022,P0020,118,35.32,4167.76,S001
03-01-2022,P0001,96,48.08,4615.68,S002
03-01-2022,P0002,48,46.95,2253.6,S002
03-01-2022,P0003,130,94.45,12278.5,S002
03-01-2022,P0004,11,27.28,300.08,S002
03-01-2022,P0005,313,29.74,9308.62,S002
03-01-2022,P0006,352,27.64,9729.28,S002
03-01-2022,P0007,265,60.54,16043.1,S002
03-01-2022,P0008,11,58.55,644.05,S002
03-01-2022,P0009,191,58.59,11190.69,S002
03-01-2022,P0010,185,95.48,17663.8,S002
03-01-2022,P0011,143,37.81,5406.83,S002
03-01-2022,P0012,85,48.7,4139.5,S002
03-01-2022,P0013,270,65.89,17790.3,S002
03-01-2022,P0014,233,20.37,4746.21,S002
03-01-2022,P0015,187,46.25,8648.75,S002
03-01-2022,P0016,39,71.74,2797.86,S002
03-01-2022,P0017,234,20.57,4813.38,S002
03-01-2022,P0018,213,29.88,6364.44,S002
03-01-2022,P0019,55,73.98,4068.9,S002
03-01-2022,P0020,22,45.02,990.44,S002
03-01-2022,P0001,100,82.88,8288,S003
03-01-2022,P0002,353,17.36,6128.08,S003
03-01-2022,P0003,255,42.7,10888.5,S003
03-01-2022,P0004,154,89.67,13809.18,S003
03-01-2022,P0005,147,65.77,9668.19,S003
03-01-2022,P0006,342,95.74,32743.08,S003
03-01-2022,P0007,54,98.9,5340.6,S003
03-01-2022,P0008,289,41.11,11880.79,S003
03-01-2022,P0009,179,42.07,7530.53,S003
03-01-2022,P0010,175,95.89,16780.75,S003
03-01-2022,P0011,209,84.12,17581.08,S003
03-01-2022,P0012,109,71.21,7761.89,S003
03-01-2022,P0013,43,49.23,2116.89,S003
03-01-2022,P0014,58,21.87,1268.46,S003
03-01-2022,P0015,399,60.83,24271.17,S003
03-01-2022,P0016,95,56.78,5394.1,S003
03-01-2022,P0017,296,76.12,22531.52,S003
03-01-2022,P0018,105,98.9,10384.5,S003
03-01-2022,P0019,103,46.24,4762.72,S003
03-01-2022,P0020,131,16.35,2141.85,S003
03-01-2022,P0001,66,83.63,5519.58,S004
03-01-2022,P0002,163,81.57,13295.91,S004
03-01-2022,P0003,98,44.68,4378.64,S004
03-01-2022,P0004,150,60.11,9016.5,S004
03-01-2022,P0005,15,24.63,369.45,S004
03-01-2022,P0006,36,36.31,1307.16,S004
03-01-2022,P0007,303,11.36,3442.08,S004
03-01-2022,P0008,209,63.1,13187.9,S004
03-01-2022,P0009,69,30.82,2126.58,S004
03-01-2022,P0010,143,23.73,3393.39,S004
03-01-2022,P0011,239,29.49,7048.11,S004
03-01-2022,P0012,192,74.42,14288.64,S004
03-01-2022,P0013,23,58.3,1340.9,S004
03-01-2022,P0014,165,60.58,9995.7,S004
03-01-2022,P0015,85,73.48,6245.8,S004
03-01-2022,P0016,79,16.18,1278.22,S004
03-01-2022,P0017,33,38.52,1271.16,S004
03-01-2022,P0018,270,46.93,12671.1,S004
03-01-2022,P0019,1,80.41,80.41,S004
03-01-2022,P0020,149,95.33,14204.17,S004
03-01-2022,P0001,3,36.3,108.9,S005
03-01-2022,P0002,59,82.08,4842.72,S005
03-01-2022,P0003,15,46.4,696,S005
03-01-2022,P0004,351,59.76,20975.76,S005
03-01-2022,P0005,66,60.35,3983.1,S005
03-01-2022,P0006,62,40.61,2517.82,S005
03-01-2022,P0007,77,63.61,4897.97,S005
03-01-2022,P0008,177,97.09,17184.93,S005
03-01-2022,P0009,349,52.72,18399.28,S005
03-01-2022,P0010,74,14.41,1066.34,S005
03-01-2022,P0011,40,74.14,2965.6,S005
03-01-2022,P0012,72,46.94,3379.68,S005
03-01-2022,P0013,190,23.04,4377.6,S005
03-01-2022,P0014,263,28.02,7369.26,S005
03-01-2022,P0015,126,86.82,10939.32,S005
03-01-2022,P0016,17,80.31,1365.27,S005
03-01-2022,P0017,19,41.28,784.32,S005
03-01-2022,P0018,36,38.42,1383.12,S005
03-01-2022,P0019,207,59.93,12405.51,S005
03-01-2022,P0020,91,66.76,6075.16,S005
04-01-2022,P0001,58,77.88,4517.04,S001
04-01-2022,P0002,91,88.22,8028.02,S001
04-01-2022,P0003,70,10.55,738.5,S001
04-01-2022,P0004,0,44.81,0,S001
04-01-2022,P0005,32,69.65,2228.8,S001
04-01-2022,P0006,8,53.35,426.8,S001
04-01-2022,P0007,341,33.47,11413.27,S001
04-01-2022,P0008,347,61.1,21201.7,S001
04-01-2022,P0009,15,45.25,678.75,S001
04-01-2022,P0010,85,94.98,8073.3,S001
04-01-2022,P0011,30,24.21,726.3,S001
04-01-2022,P0012,136,66.07,8985.52,S001
04-01-2022,P0013,31,34.68,1075.08,S001
04-01-2022,P0014,7,98.28,687.96,S001
04-01-2022,P0015,377,87.24,32889.48,S001
04-01-2022,P0016,28,93.4,2615.2,S001
04-01-2022,P0017,348,53.02,18450.96,S001
04-01-2022,P0018,258,58.54,15103.32,S001
04-01-2022,P0019,41,63.29,2594.89,S001
04-01-2022,P0020,49,10.93,535.57,S001
04-01-2022,P0001,83,45.49,3775.67,S002
04-01-2022,P0002,60,52.33,3139.8,S002
04-01-2022,P0003,448,41.55,18614.4,S002
04-01-2022,P0004,11,58.13,639.43,S002
04-01-2022,P0005,390,25.67,10011.3,S002
04-01-2022,P0006,81,33.96,2750.76,S002
04-01-2022,P0007,121,81.35,9843.35,S002
04-01-2022,P0008,44,57.34,2522.96,S002
04-01-2022,P0009,88,50.36,4431.68,S002
04-01-2022,P0010,142,51.34,7290.28,S002
04-01-2022,P0011,48,13.09,628.32,S002
04-01-2022,P0012,61,94.85,5785.85,S002
04-01-2022,P0013,140,16.47,2305.8,S002
04-01-2022,P0014,390,82.15,32038.5,S002
04-01-2022,P0015,91,61.13,5562.83,S002
04-01-2022,P0016,32,63.74,2039.68,S002
04-01-2022,P0017,60,66.78,4006.8,S002
04-01-2022,P0018,206,30.12,6204.72,S002
04-01-2022,P0019,108,31.26,3376.08,S002
04-01-2022,P0020,349,21.47,7493.03,S002
04-01-2022,P0001,271,81.01,21953.71,S003
04-01-2022,P0002,202,59.97,12113.94,S003
04-01-2022,P0003,34,26.87,913.58,S003
04-01-2022,P0004,165,99.12,16354.8,S003
04-01-2022,P0005,2,24.29,48.58,S003
04-01-2022,P0006,308,18.48,5691.84,S003
04-01-2022,P0007,76,54.73,4159.48,S003
04-01-2022,P0008,91,59.61,5424.51,S003
04-01-2022,P0009,113,14.64,1654.32,S003
04-01-2022,P0010,274,63.63,17434.62,S003
04-01-2022,P0011,116,95.99,11134.84,S003
04-01-2022,P0012,5,75.41,377.05,S003
04-01-2022,P0013,115,24.19,2781.85,S003
04-01-2022,P0014,79,85.33,6741.07,S003
04-01-2022,P0015,223,15.58,3474.34,S003
04-01-2022,P0016,258,19.63,5064.54,S003
04-01-2022,P0017,236,53.81,12699.16,S003
04-01-2022,P0018,309,37.49,11584.41,S003
04-01-2022,P0019,32,38.2,1222.4,S003
04-01-2022,P0020,44,84.13,3701.72,S003
04-01-2022,P0001,145,20.39,2956.55,S004
04-01-2022,P0002,150,70.46,10569,S004
04-01-2022,P0003,40,53.13,2125.2,S004
04-01-2022,P0004,245,82,20090,S004
04-01-2022,P0005,241,75.55,18207.55,S004
04-01-2022,P0006,138,50.26,6935.88,S004
04-01-2022,P0007,152,56.58,8600.16,S004
04-01-2022,P0008,12,37.17,446.04,S004
04-01-2022,P0009,158,82.75,13074.5,S004
04-01-2022,P0010,265,23.53,6235.45,S004
04-01-2022,P0011,240,56.3,13512,S004
04-01-2022,P0012,153,94.09,14395.77,S004
04-01-2022,P0013,68,24.53,1668.04,S004
04-01-2022,P0014,302,70.33,21239.66,S004
04-01-2022,P0015,70,79.68,5577.6,S004
04-01-2022,P0016,92,25.69,2363.48,S004
04-01-2022,P0017,275,25.04,6886,S004
04-01-2022,P0018,3,56.02,168.06,S004
04-01-2022,P0019,307,31.39,9636.73,S004
04-01-2022,P0020,62,86.86,5385.32,S004
04-01-2022,P0001,195,21.71,4233.45,S005
04-01-2022,P0002,33,40.56,1338.48,S005
04-01-2022,P0003,263,29.2,7679.6,S005
04-01-2022,P0004,83,82.18,6820.94,S005
04-01-2022,P0005,78,45.85,3576.3,S005
04-01-2022,P0006,118,42.08,4965.44,S005
04-01-2022,P0007,147,51.22,7529.34,S005
04-01-2022,P0008,216,62.03,13398.48,S005
04-01-2022,P0009,27,36.53,986.31,S005
04-01-2022,P0010,172,84.66,14561.52,S005
04-01-2022,P0011,78,39.15,3053.7,S005
04-01-2022,P0012,196,45.65,8947.4,S005
04-01-2022,P0013,75,40.27,3020.25,S005
04-01-2022,P0014,11,82.99,912.89,S005
04-01-2022,P0015,144,60.15,8661.6,S005
04-01-2022,P0016,200,15.19,3038,S005
04-01-2022,P0017,256,37.46,9589.76,S005
04-01-2022,P0018,118,34.44,4063.92,S005
04-01-2022,P0019,244,84.99,20737.56,S005
04-01-2022,P0020,54,81.63,4408.02,S005
05-01-2022,P0001,147,28.46,4183.62,S001
05-01-2022,P0002,220,79.54,17498.8,S001
05-01-2022,P0003,97,80.57,7815.29,S001
05-01-2022,P0004,29,93.53,2712.37,S001
05-01-2022,P0005,192,46.13,8856.96,S001
05-01-2022,P0006,158,60.2,9511.6,S001
05-01-2022,P0007,8,53.65,429.2,S001
05-01-2022,P0008,42,59.2,2486.4,S001
05-01-2022,P0009,5,98.03,490.15,S001
05-01-2022,P0010,93,32.6,3031.8,S001
05-01-2022,P0011,44,53.31,2345.64,S001
05-01-2022,P0012,78,93.96,7328.88,S001
05-01-2022,P0013,57,83.3,4748.1,S001
05-01-2022,P0014,161,12.66,2038.26,S001
05-01-2022,P0015,172,55.77,9592.44,S001
05-01-2022,P0016,132,30.15,3979.8,S001
05-01-2022,P0017,46,63.75,2932.5,S001
05-01-2022,P0018,17,97.51,1657.67,S001
05-01-2022,P0019,38,49.8,1892.4,S001
05-01-2022,P0020,11,33.3,366.3,S001
05-01-2022,P0001,161,56.24,9054.64,S002
05-01-2022,P0002,101,43.43,4386.43,S002
05-01-2022,P0003,263,30.78,8095.14,S002
05-01-2022,P0004,32,82.85,2651.2,S002
05-01-2022,P0005,209,87.11,18205.99,S002
05-01-2022,P0006,24,56.68,1360.32,S002
05-01-2022,P0007,20,80.01,1600.2,S002
05-01-2022,P0008,148,41.24,6103.52,S002
05-01-2022,P0009,100,96.96,9696,S002
05-01-2022,P0010,129,87.69,11312.01,S002
05-01-2022,P0011,257,74.45,19133.65,S002
05-01-2022,P0012,262,53.28,13959.36,S002
05-01-2022,P0013,200,25.38,5076,S002
05-01-2022,P0014,56,23.84,1335.04,S002
05-01-2022,P0015,24,52.21,1253.04,S002
05-01-2022,P0016,105,79.34,8330.7,S002
05-01-2022,P0017,294,13.13,3860.22,S002
05-01-2022,P0018,142,23.28,3305.76,S002
05-01-2022,P0019,55,67.3,3701.5,S002
05-01-2022,P0020,24,17.35,416.4,S002
05-01-2022,P0001,53,93.06,4932.18,S003
05-01-2022,P0002,189,84.04,15883.56,S003
05-01-2022,P0003,146,25.75,3759.5,S003
05-01-2022,P0004,186,76.32,14195.52,S003
05-01-2022,P0005,77,49.52,3813.04,S003
05-01-2022,P0006,225,93.81,21107.25,S003
05-01-2022,P0007,66,76.7,5062.2,S003
05-01-2022,P0008,35,24.28,849.8,S003
05-01-2022,P0009,1,13.87,13.87,S003
05-01-2022,P0010,95,14.93,1418.35,S003
05-01-2022,P0011,255,22.22,5666.1,S003
05-01-2022,P0012,132,57.69,7615.08,S003
05-01-2022,P0013,234,80.36,18804.24,S003
05-01-2022,P0014,42,40.6,1705.2,S003
05-01-2022,P0015,25,86.8,2170,S003
05-01-2022,P0016,30,30.33,909.9,S003
05-01-2022,P0017,28,29.03,812.84,S003
05-01-2022,P0018,38,97.97,3722.86,S003
05-01-2022,P0019,149,31.18,4645.82,S003
05-01-2022,P0020,192,65.34,12545.28,S003
05-01-2022,P0001,198,57.58,11400.84,S004
05-01-2022,P0002,83,54.02,4483.66,S004
05-01-2022,P0003,97,69.96,6786.12,S004
05-01-2022,P0004,173,51.07,8835.11,S004
05-01-2022,P0005,69,99.12,6839.28,S004
05-01-2022,P0006,256,77.59,19863.04,S004
05-01-2022,P0007,246,87.6,21549.6,S004
05-01-2022,P0008,332,43.67,14498.44,S004
05-01-2022,P0009,325,89.52,29094,S004
05-01-2022,P0010,53,12.89,683.17,S004
05-01-2022,P0011,17,92.7,1575.9,S004
05-01-2022,P0012,223,31.47,7017.81,S004
05-01-2022,P0013,95,89.52,8504.4,S004
05-01-2022,P0014,225,54.44,12249,S004
05-01-2022,P0015,216,21.75,4698,S004
05-01-2022,P0016,324,60.8,19699.2,S004
05-01-2022,P0017,75,60.17,4512.75,S004
05-01-2022,P0018,158,19.17,3028.86,S004
05-01-2022,P0019,55,45.92,2525.6,S004
05-01-2022,P0020,131,23.85,3124.35,S004
05-01-2022,P0001,74,40.47,2994.78,S005
05-01-2022,P0002,59,26.25,1548.75,S005
05-01-2022,P0003,150,82.08,12312,S005
05-01-2022,P0004,135,50.59,6829.65,S005
05-01-2022,P0005,79,49.08,3877.32,S005
05-01-2022,P0006,62,12.38,767.56,S005
05-01-2022,P0007,130,49.02,6372.6,S005
05-01-2022,P0008,74,27.8,2057.2,S005
05-01-2022,P0009,16,59.13,946.08,S005
05-01-2022,P0010,342,43.1,14740.2,S005
05-01-2022,P0011,48,13.33,639.84,S005
05-01-2022,P0012,224,98.66,22099.84,S005
05-01-2022,P0013,64,39.8,2547.2,S005
05-01-2022,P0014,322,86.26,27775.72,S005
05-01-2022,P0015,264,85.81,22653.84,S005
05-01-2022,P0016,343,58.21,19966.03,S005
05-01-2022,P0017,15,74.42,1116.3,S005
05-01-2022,P0018,90,53.06,4775.4,S005
05-01-2022,P0019,143,61.9,8851.7,S005
05-01-2022,P0020,36,53.65,1931.4,S005
06-01-2022,P0001,37,91.05,3368.85,S001
06-01-2022,P0002,230,47.32,10883.6,S001
06-01-2022,P0003,58,54.78,3177.24,S001
06-01-2022,P0004,305,41.72,12724.6,S001
06-01-2022,P0005,120,37.57,4508.4,S001
06-01-2022,P0006,2,83.4,166.8,S001
06-01-2022,P0007,35,99.12,3469.2,S001
06-01-2022,P0008,171,34.4,5882.4,S001
06-01-2022,P0009,195,59.33,11569.35,S001
06-01-2022,P0010,97,33.79,3277.63,S001
06-01-2022,P0011,177,60.79,10759.83,S001
06-01-2022,P0012,1,63.21,63.21,S001
06-01-2022,P0013,181,64.04,11591.24,S001
06-01-2022,P0014,100,46.65,4665,S001
06-01-2022,P0015,1,92.22,92.22,S001
06-01-2022,P0016,429,28.27,12127.83,S001
06-01-2022,P0017,26,22.57,586.82,S001
06-01-2022,P0018,176,81.55,14352.8,S001
06-01-2022,P0019,15,96.19,1442.85,S001
06-01-2022,P0020,2,79.76,159.52,S001
06-01-2022,P0001,81,28.58,2314.98,S002
06-01-2022,P0002,23,48.84,1123.32,S002
06-01-2022,P0003,65,60.75,3948.75,S002
06-01-2022,P0004,62,58.46,3624.52,S002
06-01-2022,P0005,76,17.93,1362.68,S002
06-01-2022,P0006,136,49.22,6693.92,S002
06-01-2022,P0007,255,43.87,11186.85,S002
06-01-2022,P0008,244,63.54,15503.76,S002
06-01-2022,P0009,173,40.94,7082.62,S002
06-01-2022,P0010,330,65.09,21479.7,S002
06-01-2022,P0011,95,69.04,6558.8,S002
06-01-2022,P0012,144,43.15,6213.6,S002
06-01-2022,P0013,350,49.42,17297,S002
06-01-2022,P0014,240,76.27,18304.8,S002
06-01-2022,P0015,210,22.01,4622.1,S002
06-01-2022,P0016,59,91.94,5424.46,S002
06-01-2022,P0017,57,26.93,1535.01,S002
06-01-2022,P0018,57,93.1,5306.7,S002
06-01-2022,P0019,283,42.65,12069.95,S002
06-01-2022,P0020,203,99.48,20194.44,S002
06-01-2022,P0001,170,96.28,16367.6,S003
06-01-2022,P0002,30,55.36,1660.8,S003
06-01-2022,P0003,180,25.18,4532.4,S003
06-01-2022,P0004,211,61.36,12946.96,S003
06-01-2022,P0005,243,83.39,20263.77,S003
06-01-2022,P0006,7,10.97,76.79,S003
06-01-2022,P0007,9,11.77,105.93,S003
06-01-2022,P0008,231,23.44,5414.64,S003
06-01-2022,P0009,11,15.82,174.02,S003
06-01-2022,P0010,18,55.5,999,S003
06-01-2022,P0011,144,58.31,8396.64,S003
06-01-2022,P0012,26,61.61,1601.86,S003
06-01-2022,P0013,61,83.41,5088.01,S003
06-01-2022,P0014,80,45.22,3617.6,S003
06-01-2022,P0015,476,20.66,9834.16,S003
06-01-2022,P0016,316,41.15,13003.4,S003
06-01-2022,P0017,162,75.06,12159.72,S003
06-01-2022,P0018,51,11.07,564.57,S003
06-01-2022,P0019,37,51.51,1905.87,S003
06-01-2022,P0020,63,95,5985,S003
06-01-2022,P0001,101,16.86,1702.86,S004
06-01-2022,P0002,105,20.2,2121,S004
06-01-2022,P0003,134,38.42,5148.28,S004
06-01-2022,P0004,50,83.19,4159.5,S004
06-01-2022,P0005,220,79.42,17472.4,S004
06-01-2022,P0006,260,79.07,20558.2,S004
06-01-2022,P0007,80,68.16,5452.8,S004
06-01-2022,P0008,167,13.17,2199.39,S004
06-01-2022,P0009,166,90.13,14961.58,S004
06-01-2022,P0010,49,97.69,4786.81,S004
06-01-2022,P0011,26,46.28,1203.28,S004
06-01-2022,P0012,73,77.85,5683.05,S004
06-01-2022,P0013,257,23.32,5993.24,S004
06-01-2022,P0014,50,75.87,3793.5,S004
06-01-2022,P0015,49,90.79,4448.71,S004
06-01-2022,P0016,24,81.37,1952.88,S004
06-01-2022,P0017,192,33.34,6401.28,S004
06-01-2022,P0018,47,95.48,4487.56,S004
06-01-2022,P0019,325,33.58,10913.5,S004
06-01-2022,P0020,150,29.27,4390.5,S004
06-01-2022,P0001,195,34.92,6809.4,S005
06-01-2022,P0002,35,92.42,3234.7,S005
06-01-2022,P0003,96,60.14,5773.44,S005
06-01-2022,P0004,219,69.02,15115.38,S005
06-01-2022,P0005,14,52.41,733.74,S005
06-01-2022,P0006,14,58.85,823.9,S005
06-01-2022,P0007,39,58.4,2277.6,S005
06-01-2022,P0008,162,81.97,13279.14,S005
06-01-2022,P0009,70,46.58,3260.6,S005
06-01-2022,P0010,64,53.15,3401.6,S005
06-01-2022,P0011,83,86.35,7167.05,S005
06-01-2022,P0012,171,57.72,9870.12,S005
06-01-2022,P0013,101,89.13,9002.13,S005
06-01-2022,P0014,128,25.88,3312.64,S005
06-01-2022,P0015,7,38.71,270.97,S005
06-01-2022,P0016,15,97.79,1466.85,S005
06-01-2022,P0017,250,49.83,12457.5,S005
06-01-2022,P0018,192,41.02,7875.84,S005
06-01-2022,P0019,149,50.18,7476.82,S005
06-01-2022,P0020,7,92.93,650.51,S005
07-01-2022,P0001,107,53.99,5776.93,S001
07-01-2022,P0002,115,80.82,9294.3,S001
07-01-2022,P0003,32,63.07,2018.24,S001
07-01-2022,P0004,307,10.74,3297.18,S001
07-01-2022,P0005,92,29.63,2725.96,S001
07-01-2022,P0006,23,27.88,641.24,S001
07-01-2022,P0007,429,50.47,21651.63,S001
07-01-2022,P0008,64,37.99,2431.36,S001
07-01-2022,P0009,242,48.3,11688.6,S001
07-01-2022,P0010,20,55.07,1101.4,S001
07-01-2022,P0011,102,73.88,7535.76,S001
07-01-2022,P0012,118,65.47,7725.46,S001
07-01-2022,P0013,71,37.22,2642.62,S001
07-01-2022,P0014,115,51.17,5884.55,S001
07-01-2022,P0015,128,12.36,1582.08,S001
07-01-2022,P0016,161,82.49,13280.89,S001
07-01-2022,P0017,66,13.81,911.46,S001
07-01-2022,P0018,87,58.5,5089.5,S001
07-01-2022,P0019,46,65.57,3016.22,S001
07-01-2022,P0020,124,52.47,6506.28,S001
07-01-2022,P0001,150,85.79,12868.5,S002
07-01-2022,P0002,67,73.73,4939.91,S002
07-01-2022,P0003,72,42.82,3083.04,S002
07-01-2022,P0004,114,93.78,10690.92,S002
07-01-2022,P0005,119,42.56,5064.64,S002
07-01-2022,P0006,68,38.51,2618.68,S002
07-01-2022,P0007,211,49.35,10412.85,S002
07-01-2022,P0008,46,96.55,4441.3,S002
07-01-2022,P0009,117,72.01,8425.17,S002
07-01-2022,P0010,116,85.36,9901.76,S002
07-01-2022,P0011,53,30.33,1607.49,S002
07-01-2022,P0012,137,80.92,11086.04,S002
07-01-2022,P0013,143,45.69,6533.67,S002
07-01-2022,P0014,152,39.53,6008.56,S002
07-01-2022,P0015,39,74.81,2917.59,S002
07-01-2022,P0016,211,41.54,8764.94,S002
07-01-2022,P0017,100,79.73,7973,S002
07-01-2022,P0018,73,78.75,5748.75,S002
07-01-2022,P0019,122,12.31,1501.82,S002
07-01-2022,P0020,86,61.14,5258.04,S002
07-01-2022,P0001,39,66.68,2600.52,S003
07-01-2022,P0002,145,84.95,12317.75,S003
07-01-2022,P0003,4,85.2,340.8,S003
07-01-2022,P0004,8,42.9,343.2,S003
07-01-2022,P0005,298,82.07,24456.86,S003
07-01-2022,P0006,175,73.39,12843.25,S003
07-01-2022,P0007,177,40.45,7159.65,S003
07-01-2022,P0008,154,12.48,1921.92,S003
07-01-2022,P0009,24,32.44,778.56,S003
07-01-2022,P0010,63,61.85,3896.55,S003
07-01-2022,P0011,29,35.12,1018.48,S003
07-01-2022,P0012,52,14.89,774.28,S003
07-01-2022,P0013,59,18.4,1085.6,S003
07-01-2022,P0014,48,83.95,4029.6,S003
07-01-2022,P0015,71,83.65,5939.15,S003
07-01-2022,P0016,86,16.24,1396.64,S003
07-01-2022,P0017,12,34.38,412.56,S003
07-01-2022,P0018,336,72.54,24373.44,S003
07-01-2022,P0019,35,80.19,2806.65,S003
07-01-2022,P0020,20,93.99,1879.8,S003
07-01-2022,P0001,13,91.6,1190.8,S004
07-01-2022,P0002,46,79.31,3648.26,S004
07-01-2022,P0003,49,63.03,3088.47,S004
07-01-2022,P0004,92,44.43,4087.56,S004
07-01-2022,P0005,108,80.61,8705.88,S004
07-01-2022,P0006,343,59.12,20278.16,S004
07-01-2022,P0007,83,43.98,3650.34,S004
07-01-2022,P0008,72,32.77,2359.44,S004
07-01-2022,P0009,186,48.29,8981.94,S004
07-01-2022,P0010,50,54.76,2738,S004
07-01-2022,P0011,80,82.63,6610.4,S004
07-01-2022,P0012,36,83.16,2993.76,S004
07-01-2022,P0013,188,88.58,16653.04,S004
07-01-2022,P0014,227,60.49,13731.23,S004
07-01-2022,P0015,174,99.47,17307.78,S004
07-01-2022,P0016,139,82.21,11427.19,S004
07-01-2022,P0017,4,94.56,378.24,S004
07-01-2022,P0018,70,66.34,4643.8,S004
07-01-2022,P0019,12,77.11,925.32,S004
07-01-2022,P0020,162,94.18,15257.16,S004
07-01-2022,P0001,97,41.28,4004.16,S005
07-01-2022,P0002,297,71.78,21318.66,S005
07-01-2022,P0003,197,31.15,6136.55,S005
07-01-2022,P0004,32,85.3,2729.6,S005
07-01-2022,P0005,131,60.88,7975.28,S005
07-01-2022,P0006,284,49.36,14018.24,S005
07-01-2022,P0007,246,76.42,18799.32,S005
07-01-2022,P0008,139,95.46,13268.94,S005
07-01-2022,P0009,182,25.51,4642.82,S005
07-01-2022,P0010,164,61.24,10043.36,S005
07-01-2022,P0011,438,81.95,35894.1,S005
07-01-2022,P0012,59,51.76,3053.84,S005
07-01-2022,P0013,88,47.68,4195.84,S005
07-01-2022,P0014,211,61.07,12885.77,S005
07-01-2022,P0015,161,63.13,10163.93,S005
07-01-2022,P0016,111,38.22,4242.42,S005
07-01-2022,P0017,186,78.41,14584.26,S005
07-01-2022,P0018,30,44.62,1338.6,S005
07-01-2022,P0019,33,31.44,1037.52,S005
07-01-2022,P0020,126,38.55,4857.3,S005
08-01-2022,P0001,2,66.3,132.6,S001
08-01-2022,P0002,33,72.12,2379.96,S001
08-01-2022,P0003,123,39.4,4846.2,S001
08-01-2022,P0004,79,40.63,3209.77,S001
08-01-2022,P0005,217,20.73,4498.41,S001
08-01-2022,P0006,14,53.8,753.2,S001
08-01-2022,P0007,172,13.51,2323.72,S001
08-01-2022,P0008,58,14.55,843.9,S001
08-01-2022,P0009,162,22.53,3649.86,S001
08-01-2022,P0010,186,64.49,11995.14,S001
08-01-2022,P0011,106,22.11,2343.66,S001
08-01-2022,P0012,229,79.77,18267.33,S001
08-01-2022,P0013,261,76.62,19997.82,S001
08-01-2022,P0014,142,49.74,7063.08,S001
08-01-2022,P0015,255,10.98,2799.9,S001
08-01-2022,P0016,42,32.13,1349.46,S001
08-01-2022,P0017,248,42.26,10480.48,S001
08-01-2022,P0018,58,79.68,4621.44,S001
08-01-2022,P0019,127,12.22,1551.94,S001
08-01-2022,P0020,151,65.67,9916.17,S001
08-01-2022,P0001,341,90.22,30765.02,S002
08-01-2022,P0002,134,91.27,12230.18,S002
08-01-2022,P0003,64,75.69,4844.16,S002
08-01-2022,P0004,298,41.52,12372.96,S002
08-01-2022,P0005,107,35.32,3779.24,S002
08-01-2022,P0006,233,52.87,12318.71,S002
08-01-2022,P0007,18,74.31,1337.58,S002
08-01-2022,P0008,278,74.62,20744.36,S002
08-01-2022,P0009,241,68.99,16626.59,S002
08-01-2022,P0010,23,91.77,2110.71,S002
08-01-2022,P0011,7,92.43,647.01,S002
08-01-2022,P0012,13,35.54,462.02,S002
08-01-2022,P0013,91,97.17,8842.47,S002
08-01-2022,P0014,25,70.89,1772.25,S002
08-01-2022,P0015,117,74.19,8680.23,S002
08-01-2022,P0016,34,24.24,824.16,S002
08-01-2022,P0017,153,81.09,12406.77,S002
08-01-2022,P0018,351,97.91,34366.41,S002
08-01-2022,P0019,285,20.87,5947.95,S002
08-01-2022,P0020,188,89.75,16873,S002
08-01-2022,P0001,264,72.31,19089.84,S003
08-01-2022,P0002,50,75.25,3762.5,S003
08-01-2022,P0003,12,46.2,554.4,S003
08-01-2022,P0004,250,29.64,7410,S003
08-01-2022,P0005,271,73.61,19948.31,S003
08-01-2022,P0006,189,74.7,14118.3,S003
08-01-2022,P0007,324,73.57,23836.68,S003
08-01-2022,P0008,454,19.84,9007.36,S003
08-01-2022,P0009,104,84.48,8785.92,S003
08-01-2022,P0010,6,88.54,531.24,S003
08-01-2022,P0011,480,74.14,35587.2,S003
08-01-2022,P0012,3,16.46,49.38,S003
08-01-2022,P0013,11,87.77,965.47,S003
08-01-2022,P0014,60,20.31,1218.6,S003
08-01-2022,P0015,47,97.72,4592.84,S003
08-01-2022,P0016,36,26.65,959.4,S003
08-01-2022,P0017,85,15.63,1328.55,S003
08-01-2022,P0018,61,53.53,3265.33,S003
08-01-2022,P0019,66,22.67,1496.22,S003
08-01-2022,P0020,119,21.01,2500.19,S003
08-01-2022,P0001,23,24.71,568.33,S004
08-01-2022,P0002,25,83.18,2079.5,S004
08-01-2022,P0003,214,22.27,4765.78,S004
08-01-2022,P0004,450,88.87,39991.5,S004
08-01-2022,P0005,148,11.43,1691.64,S004
08-01-2022,P0006,69,20.5,1414.5,S004
08-01-2022,P0007,97,56.84,5513.48,S004
08-01-2022,P0008,161,39.81,6409.41,S004
08-01-2022,P0009,97,65.64,6367.08,S004
08-01-2022,P0010,170,15.27,2595.9,S004
08-01-2022,P0011,132,32.2,4250.4,S004
08-01-2022,P0012,145,92.42,13400.9,S004
08-01-2022,P0013,331,20.13,6663.03,S004
08-01-2022,P0014,256,51.94,13296.64,S004
08-01-2022,P0015,135,19.51,2633.85,S004
08-01-2022,P0016,163,81.94,13356.22,S004
08-01-2022,P0017,105,94.97,9971.85,S004
08-01-2022,P0018,39,65.26,2545.14,S004
08-01-2022,P0019,41,21.49,881.09,S004
08-01-2022,P0020,59,30.67,1809.53,S004
08-01-2022,P0001,53,21.2,1123.6,S005
08-01-2022,P0002,149,48.65,7248.85,S005
08-01-2022,P0003,208,61.05,12698.4,S005
08-01-2022,P0004,61,57.98,3536.78,S005
08-01-2022,P0005,211,10.83,2285.13,S005
08-01-2022,P0006,223,61.72,13763.56,S005
08-01-2022,P0007,93,42.82,3982.26,S005
08-01-2022,P0008,150,74,11100,S005
08-01-2022,P0009,147,21.5,3160.5,S005
08-01-2022,P0010,209,72.32,15114.88,S005
08-01-2022,P0011,40,50.72,2028.8,S005
08-01-2022,P0012,8,44.41,355.28,S005
08-01-2022,P0013,241,95.4,22991.4,S005
08-01-2022,P0014,8,72.93,583.44,S005
08-01-2022,P0015,230,96.08,22098.4,S005
08-01-2022,P0016,89,19.72,1755.08,S005
08-01-2022,P0017,116,60.49,7016.84,S005
08-01-2022,P0018,125,88.88,11110,S005
08-01-2022,P0019,83,42.53,3529.99,S005
08-01-2022,P0020,96,20.84,2000.64,S005
09-01-2022,P0001,350,41.72,14602,S001
09-01-2022,P0002,9,96.33,866.97,S001
09-01-2022,P0003,153,18.67,2856.51,S001
09-01-2022,P0004,5,64.74,323.7,S001
09-01-2022,P0005,343,83.56,28661.08,S001
09-01-2022,P0006,45,59.23,2665.35,S001
09-01-2022,P0007,81,34.2,2770.2,S001
09-01-2022,P0008,194,83.93,16282.42,S001
09-01-2022,P0009,169,75.93,12832.17,S001
09-01-2022,P0010,40,69.78,2791.2,S001
09-01-2022,P0011,106,52.18,5531.08,S001
09-01-2022,P0012,50,13.88,694,S001
09-01-2022,P0013,85,44.84,3811.4,S001
09-01-2022,P0014,51,78.24,3990.24,S001
09-01-2022,P0015,342,44.74,15301.08,S001
09-01-2022,P0016,98,52.49,5144.02,S001
09-01-2022,P0017,418,91.79,38368.22,S001
09-01-2022,P0018,316,52.06,16450.96,S001
09-01-2022,P0019,284,37.43,10630.12,S001
09-01-2022,P0020,55,10.99,604.45,S001
09-01-2022,P0001,155,78.43,12156.65,S002
09-01-2022,P0002,29,96.63,2802.27,S002
09-01-2022,P0003,50,58.55,2927.5,S002
09-01-2022,P0004,137,60.26,8255.62,S002
09-01-2022,P0005,242,94.9,22965.8,S002
09-01-2022,P0006,71,95.07,6749.97,S002
09-01-2022,P0007,237,91.4,21661.8,S002
09-01-2022,P0008,45,81.13,3650.85,S002
09-01-2022,P0009,252,72.99,18393.48,S002
09-01-2022,P0010,222,11.3,2508.6,S002
09-01-2022,P0011,334,91.41,30530.94,S002
09-01-2022,P0012,45,51.28,2307.6,S002
09-01-2022,P0013,270,26.81,7238.7,S002
09-01-2022,P0014,87,23.4,2035.8,S002
09-01-2022,P0015,270,71.86,19402.2,S002
09-01-2022,P0016,178,52.98,9430.44,S002
09-01-2022,P0017,50,48.77,2438.5,S002
09-01-2022,P0018,95,45.68,4339.6,S002
09-01-2022,P0019,45,15.25,686.25,S002
09-01-2022,P0020,391,99.92,39068.72,S002
09-01-2022,P0001,112,84.48,9461.76,S003
09-01-2022,P0002,337,45.42,15306.54,S003
09-01-2022,P0003,98,71.37,6994.26,S003
09-01-2022,P0004,34,30.87,1049.58,S003
09-01-2022,P0005,4,60.22,240.88,S003
09-01-2022,P0006,65,82.33,5351.45,S003
09-01-2022,P0007,21,51.57,1082.97,S003
09-01-2022,P0008,100,22.73,2273,S003
09-01-2022,P0009,331,32.9,10889.9,S003
09-01-2022,P0010,40,85.57,3422.8,S003
09-01-2022,P0011,48,87.39,4194.72,S003
09-01-2022,P0012,393,78.81,30972.33,S003
09-01-2022,P0013,116,26.29,3049.64,S003
09-01-2022,P0014,198,82.3,16295.4,S003
09-01-2022,P0015,67,15.65,1048.55,S003
09-01-2022,P0016,55,63.07,3468.85,S003
09-01-2022,P0017,312,27.22,8492.64,S003
09-01-2022,P0018,169,35.56,6009.64,S003
09-01-2022,P0019,141,32.55,4589.55,S003
09-01-2022,P0020,225,83.51,18789.75,S003
09-01-2022,P0001,253,80.62,20396.86,S004
09-01-2022,P0002,74,98.46,7286.04,S004
09-01-2022,P0003,58,89.88,5213.04,S004
09-01-2022,P0004,117,52.5,6142.5,S004
09-01-2022,P0005,242,97.22,23527.24,S004
09-01-2022,P0006,97,65.21,6325.37,S004
09-01-2022,P0007,239,59.25,14160.75,S004
09-01-2022,P0008,307,46.11,14155.77,S004
09-01-2022,P0009,250,88.74,22185,S004
09-01-2022,P0010,57,72.52,4133.64,S004
09-01-2022,P0011,156,34.38,5363.28,S004
09-01-2022,P0012,175,53.55,9371.25,S004
09-01-2022,P0013,6,40.8,244.8,S004
09-01-2022,P0014,3,22.99,68.97,S004
09-01-2022,P0015,14,94.54,1323.56,S004
09-01-2022,P0016,85,45.82,3894.7,S004
09-01-2022,P0017,222,75.5,16761,S004
09-01-2022,P0018,259,19.47,5042.73,S004
09-01-2022,P0019,59,89.82,5299.38,S004
09-01-2022,P0020,245,61.06,14959.7,S004
09-01-2022,P0001,408,89.6,36556.8,S005
09-01-2022,P0002,178,78.44,13962.32,S005
09-01-2022,P0003,28,13.88,388.64,S005
09-01-2022,P0004,72,21.72,1563.84,S005
09-01-2022,P0005,101,90.11,9101.11,S005
09-01-2022,P0006,151,55.34,8356.34,S005
09-01-2022,P0007,384,40.06,15383.04,S005
09-01-2022,P0008,123,49.76,6120.48,S005
09-01-2022,P0009,207,88.92,18406.44,S005
09-01-2022,P0010,98,91.41,8958.18,S005
09-01-2022,P0011,338,54.48,18414.24,S005
09-01-2022,P0012,152,95.44,14506.88,S005
09-01-2022,P0013,253,41.74,10560.22,S005
09-01-2022,P0014,304,55.76,16951.04,S005
09-01-2022,P0015,19,10.4,197.6,S005
09-01-2022,P0016,222,41.91,9304.02,S005
09-01-2022,P0017,200,50.57,10114,S005
09-01-2022,P0018,113,79.83,9020.79,S005
09-01-2022,P0019,148,34.29,5074.92,S005
09-01-2022,P0020,214,17.26,3693.64,S005
10-01-2022,P0001,36,32.68,1176.48,S001
10-01-2022,P0002,183,42.03,7691.49,S001
10-01-2022,P0003,38,29.15,1107.7,S001
10-01-2022,P0004,18,74.05,1332.9,S001
10-01-2022,P0005,59,23.43,1382.37,S001
10-01-2022,P0006,151,27.82,4200.82,S001
10-01-2022,P0007,323,84.01,27135.23,S001
10-01-2022,P0008,76,48.96,3720.96,S001
10-01-2022,P0009,138,43.24,5967.12,S001
10-01-2022,P0010,113,63.67,7194.71,S001
10-01-2022,P0011,88,11.14,980.32,S001
10-01-2022,P0012,16,18.93,302.88,S001
10-01-2022,P0013,284,86.6,24594.4,S001
10-01-2022,P0014,269,24.95,6711.55,S001
10-01-2022,P0015,381,56.71,21606.51,S001
10-01-2022,P0016,80,58.05,4644,S001
10-01-2022,P0017,84,83.04,6975.36,S001
10-01-2022,P0018,8,81.47,651.76,S001
10-01-2022,P0019,65,46.67,3033.55,S001
10-01-2022,P0020,221,24.61,5438.81,S001
10-01-2022,P0001,42,31.79,1335.18,S002
10-01-2022,P0002,70,36.13,2529.1,S002
10-01-2022,P0003,11,49.6,545.6,S002
10-01-2022,P0004,54,38.68,2088.72,S002
10-01-2022,P0005,36,10.06,362.16,S002
10-01-2022,P0006,229,62.31,14268.99,S002
10-01-2022,P0007,94,48.84,4590.96,S002
10-01-2022,P0008,212,24.63,5221.56,S002
10-01-2022,P0009,178,87.82,15631.96,S002
10-01-2022,P0010,300,63.39,19017,S002
10-01-2022,P0011,345,56.76,19582.2,S002
10-01-2022,P0012,147,33.95,4990.65,S002
10-01-2022,P0013,104,30.8,3203.2,S002
10-01-2022,P0014,73,48.94,3572.62,S002
10-01-2022,P0015,293,31.05,9097.65,S002
10-01-2022,P0016,71,44.98,3193.58,S002
10-01-2022,P0017,21,91.69,1925.49,S002
10-01-2022,P0018,22,26.6,585.2,S002
10-01-2022,P0019,31,84.73,2626.63,S002
10-01-2022,P0020,259,95.77,24804.43,S002
10-01-2022,P0001,57,21.01,1197.57,S003
10-01-2022,P0002,79,40.83,3225.57,S003
10-01-2022,P0003,7,67.15,470.05,S003
10-01-2022,P0004,92,94.47,8691.24,S003
10-01-2022,P0005,248,15.86,3933.28,S003
10-01-2022,P0006,89,77.71,6916.19,S003
10-01-2022,P0007,120,24.06,2887.2,S003
10-01-2022,P0008,216,96.13,20764.08,S003
10-01-2022,P0009,335,22.27,7460.45,S003
10-01-2022,P0010,158,37.11,5863.38,S003
10-01-2022,P0011,91,76.21,6935.11,S003
10-01-2022,P0012,320,47.54,15212.8,S003
10-01-2022,P0013,67,87.82,5883.94,S003
10-01-2022,P0014,79,63.08,4983.32,S003
10-01-2022,P0015,84,10.85,911.4,S003
10-01-2022,P0016,87,75.19,6541.53,S003
10-01-2022,P0017,18,67.68,1218.24,S003
10-01-2022,P0018,369,45.57,16815.33,S003
10-01-2022,P0019,170,95.52,16238.4,S003
10-01-2022,P0020,192,66.95,12854.4,S003
10-01-2022,P0001,280,20.82,5829.6,S004
10-01-2022,P0002,236,96,22656,S004
10-01-2022,P0003,107,85.09,9104.63,S004
10-01-2022,P0004,40,45.22,1808.8,S004
10-01-2022,P0005,27,98.97,2672.19,S004
10-01-2022,P0006,102,23.47,2393.94,S004
10-01-2022,P0007,110,73.43,8077.3,S004
10-01-2022,P0008,135,71.06,9593.1,S004
10-01-2022,P0009,12,52.85,634.2,S004
10-01-2022,P0010,259,89.31,23131.29,S004
10-01-2022,P0011,110,82.33,9056.3,S004
10-01-2022,P0012,53,65.05,3447.65,S004
10-01-2022,P0013,35,64.37,2252.95,S004
10-01-2022,P0014,349,75.88,26482.12,S004
10-01-2022,P0015,178,52.89,9414.42,S004
10-01-2022,P0016,201,78.7,15818.7,S004
10-01-2022,P0017,264,16.08,4245.12,S004
10-01-2022,P0018,35,72.14,2524.9,S004
10-01-2022,P0019,73,52.67,3844.91,S004
10-01-2022,P0020,215,49.52,10646.8,S004
10-01-2022,P0001,23,30.18,694.14,S005
10-01-2022,P0002,211,56.35,11889.85,S005
10-01-2022,P0003,28,56.87,1592.36,S005
10-01-2022,P0004,40,77.7,3108,S005
10-01-2022,P0005,112,31.47,3524.64,S005
10-01-2022,P0006,112,86.12,9645.44,S005
10-01-2022,P0007,140,81.91,11467.4,S005
10-01-2022,P0008,94,82.5,7755,S005
10-01-2022,P0009,177,70.69,12512.13,S005
10-01-2022,P0010,209,21.75,4545.75,S005
10-01-2022,P0011,46,60.87,2800.02,S005
10-01-2022,P0012,62,79,4898,S005
10-01-2022,P0013,176,33.77,5943.52,S005
10-01-2022,P0014,21,80.06,1681.26,S005
10-01-2022,P0015,300,61.44,18432,S005
10-01-2022,P0016,103,60.15,6195.45,S005
10-01-2022,P0017,266,31.07,8264.62,S005
10-01-2022,P0018,235,22.58,5306.3,S005
10-01-2022,P0019,154,85.04,13096.16,S005
10-01-2022,P0020,176,15.56,2738.56,S005
11-01-2022,P0001,16,27.53,440.48,S001
11-01-2022,P0002,124,37.38,4635.12,S001
11-01-2022,P0003,9,50.84,457.56,S001
11-01-2022,P0004,344,35.38,12170.72,S001
11-01-2022,P0005,263,84.84,22312.92,S001
11-01-2022,P0006,259,78.72,20388.48,S001
11-01-2022,P0007,79,74.55,5889.45,S001
11-01-2022,P0008,230,67.34,15488.2,S001
11-01-2022,P0009,183,49.71,9096.93,S001
11-01-2022,P0010,144,98.8,14227.2,S001
11-01-2022,P0011,249,63.1,15711.9,S001
11-01-2022,P0012,3,38.97,116.91,S001
11-01-2022,P0013,213,94.9,20213.7,S001
11-01-2022,P0014,57,26.07,1485.99,S001
11-01-2022,P0015,38,27.47,1043.86,S001
11-01-2022,P0016,302,44.77,13520.54,S001
